"0","head(noto.obj@clusters$`GO+Reactome+Interpro:AND:euclidean_sim`) 
"
"1","       "
"1"," louvain"
"1"," infomap"
"1"," leiden_2_RBConfigurationVertex"
"1"," leiden_3_RBConfigurationVertex"
"1"," leiden_4_RBConfigurationVertex"
"1","
ABHD15A"
"1","       5"
"1","       3"
"1","                             11"
"1","                             15"
"1","                             11"
"1","
ACBD3  "
"1","      10"
"1","       2"
"1","                              2"
"1","                             19"
"1","                             25"
"1","
ACKR4B "
"1","       3"
"1","       7"
"1","                              3"
"1","                             14"
"1","                             14"
"1","
ACSBG2 "
"1","       3"
"1","      10"
"1","                              3"
"1","                              1"
"1","                              1"
"1","
ACTB2  "
"1","       1"
"1","      15"
"1","                              4"
"1","                              9"
"1","                             13"
"1","
ACVR1BA"
"1","       5"
"1","       3"
"1","                              7"
"1","                              4"
"1","                              8"
"1","
"
"1","       "
"1"," leiden_5_RBConfigurationVertex"
"1"," leiden_6_RBConfigurationVertex"
"1"," leiden_7_RBConfigurationVertex"
"1","
ABHD15A"
"1","                             23"
"1","                             24"
"1","                             27"
"1","
ACBD3  "
"1","                             32"
"1","                             36"
"1","                             40"
"1","
ACKR4B "
"1","                             15"
"1","                             12"
"1","                             15"
"1","
ACSBG2 "
"1","                              8"
"1","                              6"
"1","                             11"
"1","
ACTB2  "
"1","                             19"
"1","                             20"
"1","                             14"
"1","
ACVR1BA"
"1","                             11"
"1","                             14"
"1","                             19"
"1","
"
